year,avg_pills_per_capita
2006,28.783798676633538
2007,32.47408731014967
2008,35.50389536165435
2009,39.09497547398452
2010,41.532509175128375
2011,45.035733564915645
2012,45.65107654189542
2013,44.42253647260438
2014,43.26944435998837
